{
    "@context": "https://schema.org/",
    "@type": "Dataset",
    "name": "Importing Demo",
    "schemaVersion": "Psych-DS 0.1.0",
    "author": "Lisa DeBruine",
    "description": "A dataset with five different types of columns, and in five different formats (csv, tsv, xlsx, sav, and json), used to practice importing.",
    "license": "CC-BY 4.0",
    "variableMeasured": [
        {
            "@type": "PropertyValue",
            "name": "character",
            "description": "letters",
            "dataType": "string"
        },
        {
            "@type": "PropertyValue",
            "name": "integer",
            "description": "Numbers with no decimal places",
            "dataType": "int"
        },
        {
            "@type": "PropertyValue",
            "name": "double",
            "description": "Numbers with decimal places",
            "dataType": "float"
        },
        {
            "@type": "PropertyValue",
            "name": "logical",
            "description": "TRUE/FALSE values",
            "dataType": "bool"
        },
        {
            "@type": "PropertyValue",
            "name": "date",
            "description": "Dates in the format 31-Jan-21",
            "dataType": "string"
        }
    ]
}
