{
    "@context": "https://schema.org/",
    "@type": "Dataset",
    "name": "Scottish Population",
    "schemaVersion": "Psych-DS 0.1.0",
    "author": "Lisa DeBruine",
    "description": "The population for each county in Scotland in 2021.",
    "license": "CC-BY 4.0",
    "variableMeasured": [
        {
            "@type": "PropertyValue",
            "name": "name",
            "description": "The county name",
            "dataType": "string"
        },
        {
            "@type": "PropertyValue",
            "name": "population",
            "description": "The population (contains commas as thousands separator)",
            "dataType": "int"
        }
    ]
}
